{
  "lang":"en",
  "name":"pipeline",
  "version":"0.0.0",
  "spacy_version":">=3.8.5,<3.9.0",
  "description":"",
  "author":"",
  "email":"",
  "url":"",
  "license":"",
  "spacy_git_version":"d0c705c",
  "vectors":{
    "width":0,
    "vectors":0,
    "keys":0,
    "name":null,
    "mode":"default"
  },
  "labels":{
    "tok2vec":[

    ],
    "ner":[
      "COLOR",
      "FOOD",
      "PART",
      "PHYSICAL_QUALITY",
      "PROCESS",
      "PURPOSE",
      "QUANTITY",
      "TASTE",
      "UNIT"
    ]
  },
  "pipeline":[
    "tok2vec",
    "ner"
  ],
  "components":[
    "tok2vec",
    "ner"
  ],
  "disabled":[

  ],
  "performance":{
    "ents_f":0.9217358348,
    "ents_p":0.9264761905,
    "ents_r":0.9170437406,
    "ents_per_type":{
      "PHYSICAL_QUALITY":{
        "p":0.8079470199,
        "r":0.7820512821,
        "f":0.7947882736
      },
      "FOOD":{
        "p":0.8811630847,
        "r":0.8701622971,
        "f":0.8756281407
      },
      "QUANTITY":{
        "p":0.9747675963,
        "r":0.9812834225,
        "f":0.9780146569
      },
      "UNIT":{
        "p":0.9723127036,
        "r":0.9660194175,
        "f":0.9691558442
      },
      "PART":{
        "p":0.8571428571,
        "r":0.4,
        "f":0.5454545455
      },
      "TASTE":{
        "p":0.6666666667,
        "r":0.8,
        "f":0.7272727273
      },
      "PROCESS":{
        "p":0.9051724138,
        "r":0.8974358974,
        "f":0.9012875536
      },
      "COLOR":{
        "p":0.9534883721,
        "r":0.8367346939,
        "f":0.8913043478
      },
      "PURPOSE":{
        "p":0.9,
        "r":0.8181818182,
        "f":0.8571428571
      }
    },
    "tok2vec_loss":1148.6052905922,
    "ner_loss":432.1219243141
  }
}