{
  "lang":"en",
  "name":"pipeline",
  "version":"0.0.0",
  "spacy_version":">=3.8.5,<3.9.0",
  "description":"",
  "author":"",
  "email":"",
  "url":"",
  "license":"",
  "spacy_git_version":"d0c705c",
  "vectors":{
    "width":0,
    "vectors":0,
    "keys":0,
    "name":null,
    "mode":"default"
  },
  "labels":{
    "tok2vec":[

    ],
    "ner":[
      "COLOR",
      "FOOD",
      "PART",
      "PHYSICAL_QUALITY",
      "PROCESS",
      "PURPOSE",
      "QUANTITY",
      "TASTE",
      "UNIT"
    ]
  },
  "pipeline":[
    "tok2vec",
    "ner"
  ],
  "components":[
    "tok2vec",
    "ner"
  ],
  "disabled":[

  ],
  "performance":{
    "ents_f":0.9238636364,
    "ents_p":0.9280821918,
    "ents_r":0.9196832579,
    "ents_per_type":{
      "PHYSICAL_QUALITY":{
        "p":0.8039215686,
        "r":0.7884615385,
        "f":0.7961165049
      },
      "FOOD":{
        "p":0.8862199747,
        "r":0.8751560549,
        "f":0.8806532663
      },
      "QUANTITY":{
        "p":0.9773333333,
        "r":0.9799465241,
        "f":0.9786381842
      },
      "UNIT":{
        "p":0.9786535304,
        "r":0.9644012945,
        "f":0.9714751426
      },
      "COLOR":{
        "p":0.8775510204,
        "r":0.8775510204,
        "f":0.8775510204
      },
      "PART":{
        "p":0.875,
        "r":0.4666666667,
        "f":0.6086956522
      },
      "TASTE":{
        "p":0.7619047619,
        "r":0.8,
        "f":0.7804878049
      },
      "PROCESS":{
        "p":0.8978723404,
        "r":0.9017094017,
        "f":0.8997867804
      },
      "PURPOSE":{
        "p":0.75,
        "r":0.8181818182,
        "f":0.7826086957
      }
    },
    "tok2vec_loss":1506.6119409577,
    "ner_loss":487.64822659
  }
}